,Player,G,GS,MP,FG,FGA,FG%,3P,3PA,3P%,2P,2PA,2P%,FT,FTA,FT%,ORB,DRB,TRB,AST,STL,BLK,TOV,PF,PTS,League,Team,Position,Age,Avg_Salary,salary_float,salary_ratio,Salary_Rank
0,John Wall,39,39,32.0,7.3,18.1,0.403,2.0,6.2,0.322,5.3,11.8,0.446,3.8,5.2,0.743,0.4,2.8,3.2,6.7,1.1,0.7,3.5,1.1,20.4,NBA,  HOU,G,30,"$42,782,880  ",42782880.0,0.00578,1
1,James Harden,42,42,37.1,8.0,17.2,0.463,2.8,7.8,0.358,5.2,9.4,0.549,6.5,7.5,0.87,0.8,7.2,8.0,10.9,1.2,0.7,4.1,2.3,25.2,NBA,  BKN,G,31,"$42,782,880  ",42782880.0,0.00578,2
2,Russell Westbrook,51,51,35.6,8.2,18.9,0.436,1.3,4.1,0.31,6.9,14.7,0.471,3.9,6.3,0.62,1.7,9.5,11.1,10.9,1.3,0.4,5.1,2.8,21.6,NBA,  WAS,G,31,"$41,358,814  ",41358814.0,0.00559,3
3,Kevin Durant,24,22,32.7,9.3,17.1,0.543,2.5,5.5,0.462,6.8,11.6,0.581,6.1,7.0,0.87,0.4,6.3,6.7,5.2,0.6,1.3,3.7,2.0,27.3,NBA,  BKN,F,32,"$41,063,925  ",41063925.0,0.00555,4
4,Stephen Curry,51,51,34.1,10.2,21.0,0.486,5.1,12.1,0.425,5.1,8.9,0.57,5.6,6.0,0.922,0.5,5.1,5.5,5.9,1.2,0.1,3.3,1.8,31.1,NBA,  GSW,G,32,"$40,231,758  ",40231758.0,0.00544,5
5,Chris Paul,57,57,31.6,6.1,12.5,0.487,1.4,3.6,0.375,4.7,8.8,0.533,2.4,2.6,0.926,0.4,4.2,4.6,8.8,1.4,0.2,2.1,2.3,15.9,NBA,  PHX,G,35,"$39,932,648  ",39932648.0,0.0054,6
6,LeBron James,41,41,33.9,9.5,18.4,0.513,2.4,6.5,0.368,7.1,12.0,0.592,4.1,5.8,0.703,0.6,7.3,7.9,7.9,1.0,0.6,3.7,1.6,25.4,NBA,  LAL,F,35,"$38,328,212  ",38328212.0,0.00518,7
7,Anthony Davis,23,23,32.8,8.9,16.7,0.533,0.7,2.5,0.293,8.1,14.1,0.575,4.0,5.7,0.715,2.0,6.3,8.4,3.0,1.3,1.8,2.0,1.8,22.5,NBA,  LAL,F,27,"$37,980,720  ",37980720.0,0.00513,8
8,Tobias Harris,49,49,33.3,7.9,15.2,0.521,1.4,3.5,0.407,6.5,11.7,0.555,3.2,3.6,0.886,1.0,6.2,7.2,3.6,0.9,0.9,1.9,2.0,20.5,NBA,  PHI,F,28,"$36,000,000  ",36000000.0,0.00486,9
9,Khris Middleton,55,55,33.5,7.5,15.7,0.479,2.2,5.2,0.426,5.3,10.5,0.504,3.1,3.4,0.889,0.8,5.3,6.1,5.6,1.1,0.2,2.7,2.4,20.2,NBA,  MIL,F,29,"$35,500,000  ",35500000.0,0.0048,10
10,Ben Simmons,48,48,33.3,5.7,10.4,0.545,0.1,0.2,0.3,5.6,10.2,0.55,3.4,5.5,0.615,1.7,6.0,7.6,7.1,1.6,0.6,3.3,3.1,14.8,NBA,  PHI,G,24,"$35,448,672  ",35448672.0,0.00479,11
11,Jimmy Butler,42,42,33.8,7.1,14.4,0.494,0.5,2.0,0.229,6.6,12.4,0.537,6.7,7.9,0.855,1.9,5.3,7.2,7.3,2.1,0.4,2.1,1.5,21.4,NBA,  MIA,F,31,"$35,197,650  ",35197650.0,0.00476,12
12,Kemba Walker,37,37,31.4,6.1,15.2,0.401,2.8,8.0,0.345,3.4,7.2,0.464,2.8,3.0,0.937,0.3,3.6,3.9,5.1,1.1,0.3,2.1,1.4,17.8,NBA,  BOS,G,30,"$35,197,650  ",35197650.0,0.00476,13
13,Kawhi Leonard,46,46,34.4,9.4,18.2,0.516,2.0,5.0,0.393,7.4,13.2,0.562,5.0,5.7,0.878,1.1,5.5,6.7,5.1,1.7,0.4,2.0,1.7,25.7,NBA,  LAC,F,29,"$34,379,100  ",34379100.0,0.00465,14
14,Paul George,45,45,33.6,8.5,17.6,0.483,3.3,7.6,0.432,5.2,10.0,0.521,3.6,4.0,0.885,0.9,5.5,6.4,5.4,1.2,0.5,3.2,2.4,23.8,NBA,  LAC,G,30,"$34,227,984  ",34227984.0,0.00463,15
15,Pascal Siakam,47,47,35.6,7.5,16.6,0.454,1.2,4.3,0.285,6.3,12.3,0.513,4.7,5.6,0.839,1.7,5.6,7.2,4.7,1.1,0.7,2.1,3.3,20.9,NBA,  TOR,F,26,"$34,226,304  ",34226304.0,0.00463,16
16,Kyrie Irving,43,43,35.2,10.5,20.4,0.513,2.7,6.9,0.391,7.8,13.5,0.575,3.8,4.1,0.916,1.1,3.8,4.8,6.2,1.3,0.6,2.4,2.7,27.4,NBA,  BKN,G,28,"$34,122,650  ",34122650.0,0.00461,17
17,Devin Booker,54,54,33.7,9.2,19.2,0.482,2.0,5.8,0.344,7.3,13.4,0.541,4.9,5.6,0.862,0.4,3.7,4.2,4.6,0.9,0.3,3.2,2.8,25.3,NBA,  PHX,G,23,"$31,650,600  ",31650600.0,0.00428,18
18,Karl-Anthony Towns,38,38,34.2,8.6,17.6,0.49,2.5,6.2,0.4,6.1,11.4,0.539,5.1,5.8,0.874,2.7,8.2,10.9,4.6,0.7,1.4,3.2,3.6,24.8,NBA,  MIN,C,24,"$31,650,600  ",31650600.0,0.00428,19
19,Kristaps Porzingis,39,39,31.4,7.6,16.1,.474,2.2,6.2,.363,5.4,10.0,.542,2.9,3.4,.850,2.0,7.3,9.3,1.6,0.5,1.5,1.3,2.7,20.4,NBA,  DAL,F, 25 ,"$31,650,600  ",31650600.0,0.00428,20
20,Brandon Ingram,53,53,34.7,8.5,18.2,0.468,2.4,6.2,0.382,6.2,12.0,0.513,4.8,5.4,0.885,0.6,4.4,4.9,4.8,0.7,0.7,2.5,2.0,24.2,NBA,  NOP,F,23,"$31,650,600  ",31650600.0,0.00428,21
21,Jamal Murray,48,48,35.5,7.9,16.5,0.477,2.7,6.6,0.408,5.2,9.9,0.523,2.8,3.2,0.869,0.8,3.3,4.0,4.8,1.3,0.3,2.3,2.0,21.2,NBA,  DEN,G,23,"$31,650,600  ",31650600.0,0.00428,22
22,Mike Conley,47,47,29.7,5.6,12.5,0.447,2.7,6.6,0.412,2.9,5.9,0.486,2.3,2.7,0.857,0.7,2.7,3.4,5.9,1.3,0.2,1.9,2.0,16.2,NBA,  UTH,G,32,"$30,521,116  ",30521116.0,0.00412,23
23,Kyle Lowry,41,41,34.6,5.6,12.9,0.435,2.7,7.0,0.389,2.9,5.9,0.488,3.1,3.6,0.877,0.8,4.7,5.5,7.2,1.0,0.2,2.9,3.1,17.0,NBA,  TOR,G,34,"$30,500,000  ",30500000.0,0.00412,24
24,Kevin Love,15,15,22.5,4.0,9.9,0.403,2.1,6.3,0.326,1.9,3.6,0.537,1.7,2.2,0.758,0.7,5.9,6.6,2.3,0.5,0.1,1.3,0.9,11.7,NBA,  CLE,F,32,"$30,100,543  ",30100543.0,0.00407,25
25,Gordon Hayward,44,44,34.0,7.1,15.0,0.473,1.9,4.7,0.415,5.1,10.3,0.499,3.5,4.2,0.843,0.8,5.0,5.9,4.1,1.2,0.3,2.1,1.7,19.6,NBA,  CHA,F,30,"$30,000,000  ",30000000.0,0.00405,26
26,Joel Embiid,40,40,32.2,9.5,18.4,0.515,1.2,3.1,0.387,8.3,15.3,0.541,10.0,11.8,0.851,2.4,9.0,11.3,3.2,1.0,1.4,3.2,2.4,30.1,NBA,  PHI,C,26,"$29,542,010  ",29542010.0,0.00399,27
27,Andrew Wiggins,59,59,32.9,6.8,14.5,0.472,2.0,5.2,0.379,4.9,9.3,0.524,2.4,3.5,0.701,1.0,3.8,4.8,2.3,1.0,0.9,1.8,2.2,18.1,NBA,  GSW,F,25,"$29,542,010  ",29542010.0,0.00399,28
28,Nikola Jokic,59,59,35.4,10.3,18.2,.566,1.4,3.4,.405,8.9,14.8,.603,4.3,5.0,.857,3.0,8.0,10.9,8.7,1.4,0.6,3.1,2.6,26.3,NBA,  DEN,C, 25 ,"$29,542,010  ",29542010.0,0.00399,29
29,D'Angelo Russell,30,19,27.6,6.8,15.4,0.441,2.9,7.0,0.412,3.9,8.4,0.464,2.7,3.3,0.8,0.4,2.1,2.5,5.1,1.0,0.4,2.8,1.8,19.2,NBA,  MIN,G,24,"$29,331,375  ",29331375.0,0.00396,30
30,Damian Lillard,53,53,35.9,8.8,20.2,0.439,4.0,10.8,0.375,4.8,9.4,0.511,6.8,7.4,0.926,0.5,3.7,4.2,7.6,0.9,0.3,3.2,1.6,28.6,NBA,  POR,G,30,"$27,977,689  ",27977689.0,0.00378,31
31,DeMar DeRozan,49,49,33.9,7.3,14.8,0.492,0.4,1.4,0.269,6.9,13.4,0.515,6.1,6.9,0.879,0.7,3.7,4.4,7.1,0.9,0.3,1.9,2.0,21.0,NBA,  SAS,G,31,"$27,800,000  ",27800000.0,0.00376,32
32,Al Horford,28,28,27.9,5.8,12.9,0.45,2.0,5.4,0.368,3.8,7.4,0.51,0.6,0.8,0.818,1.0,5.7,6.7,3.4,0.9,0.9,1.0,1.7,14.2,NBA,  OKC,F,34,"$27,250,000  ",27250000.0,0.00368,33
33,Jaylen Brown,53,53,34.2,9.3,18.8,0.496,2.7,6.8,0.404,6.6,12.0,0.548,3.2,4.2,0.754,1.2,4.6,5.8,3.4,1.2,0.5,2.7,2.9,24.5,NBA,  BOS,G,23,"$26,583,334  ",26583334.0,0.00359,34
34,Rudy Gobert,58,58,31.0,5.5,8.2,0.673,0.0,0.1,0.0,5.5,8.2,0.677,3.4,5.6,0.615,3.4,10.2,13.6,1.3,0.5,2.8,1.6,2.4,14.5,NBA,  UTH,C,28,"$25,500,000  ",25500000.0,0.00345,35
35,Bradley Beal,49,49,35.4,10.9,22.6,0.482,2.2,6.4,0.343,8.7,16.2,0.538,7.0,7.8,0.898,1.1,3.7,4.8,4.7,1.2,0.3,3.2,2.4,31.0,NBA,  WAS,G,27,"$25,434,263  ",25434263.0,0.00344,36
36,Jrue Holiday,45,42,31.9,6.9,13.6,0.506,1.9,4.7,0.404,5.0,8.8,0.56,1.7,2.0,0.837,1.3,3.2,4.5,5.5,1.8,0.5,2.1,1.7,17.4,NBA,  MIL,G,30,"$25,200,000  ",25200000.0,0.00341,37
37,Nikola Vucevic,60,60,33.4,9.7,19.9,.487,2.6,6.2,.414,7.1,13.7,.520,2.0,2.4,.837,2.0,9.3,11.3,3.7,1.0,0.7,1.8,1.9,23.9,NBA,  CHI,C, 29 ,"$25,000,000  ",25000000.0,0.00338,38
38,Giannis Antetokounmpo,48,48,33.7,10.4,18.4,0.564,1.1,3.6,0.297,9.3,14.7,0.63,6.8,9.8,0.688,1.7,9.4,11.2,6.0,1.1,1.3,3.7,2.8,28.5,NBA,  MIL,F,25,"$25,000,000  ",25000000.0,0.00338,39
39,Steven Adams,54,54,28.1,3.4,5.4,0.62,0.0,0.1,0.0,3.4,5.4,0.626,1.1,2.4,0.442,3.8,5.2,9.0,2.0,0.9,0.7,1.4,2.0,7.8,NBA,  NOP,C,27,"$25,000,000  ",25000000.0,0.00338,40
40,Draymond Green,51,51,30.8,2.5,6.1,0.418,0.5,2.1,0.255,2.0,4.0,0.502,1.0,1.3,0.779,0.9,5.6,6.5,8.5,1.7,0.8,2.9,3.2,6.7,NBA,  GSW,F,30,"$24,916,591  ",24916591.0,0.00337,41
41,Buddy Hield,58,58,34.3,5.7,14.1,0.404,4.0,10.4,0.385,1.7,3.7,0.458,1.2,1.5,0.837,0.4,4.1,4.5,3.1,0.8,0.4,1.7,2.5,16.6,NBA,  SAC,G,27,"$23,500,000  ",23500000.0,0.00318,42
42,Harrison Barnes,56,56,36.4,5.4,11.0,0.494,1.6,4.3,0.379,3.8,6.7,0.568,3.4,4.1,0.827,1.1,5.5,6.6,3.5,0.8,0.2,1.6,1.3,15.9,NBA,  SAC,F,28,"$21,250,000  ",21250000.0,0.00287,43
43,Victor Oladipo,33,33,32.7,7.1,17.5,0.408,2.4,7.2,0.326,4.8,10.2,0.466,3.2,4.2,0.754,0.4,4.5,4.8,4.6,1.4,0.4,2.5,2.5,19.8,NBA,  MIA,G,28,"$21,250,000  ",21250000.0,0.00287,44
44,Malcolm Brogdon,52,52,35.1,8.1,17.8,0.455,2.7,6.8,0.393,5.4,11.0,0.493,2.7,3.1,0.863,1.1,4.1,5.2,6.0,0.9,0.3,2.1,2.0,21.5,NBA,  IND,G,27,"$21,250,000  ",21250000.0,0.00287,45
45,Fred VanVleet,46,46,36.1,6.4,16.3,0.391,3.3,9.0,0.369,3.1,7.3,0.418,3.4,3.8,0.886,0.6,3.5,4.1,6.1,1.7,0.8,1.9,2.4,19.4,NBA,  TOR,G,26,"$21,250,000  ",21250000.0,0.00287,46
46,Gary Harris,25,24,29.4,3.6,8.5,0.423,1.2,3.6,0.341,2.4,4.9,0.484,1.7,2.2,0.778,0.6,1.6,2.2,1.9,0.8,0.3,0.9,2.0,10.1,NBA,  ORL,G,26,"$21,000,000  ",21000000.0,0.00284,47
47,Julius Randle,59,59,37.5,8.4,18.3,0.46,2.2,5.3,0.41,6.3,13.1,0.481,4.9,6.1,0.807,1.3,9.2,10.5,6.1,1.0,0.3,3.5,3.2,23.9,NBA,  NYK,F,25,"$20,700,000  ",20700000.0,0.0028,48
48,Danilo Gallinari,39,4,24.0,4.0,9.5,0.425,2.1,5.2,0.407,1.9,4.2,0.448,3.2,3.4,0.933,0.3,3.8,4.1,1.4,0.6,0.2,1.0,2.1,13.4,NBA,  ATL,F,32,"$20,475,000  ",20475000.0,0.00277,49
49,Jerami Grant,51,51,34.2,7.5,17.3,0.43,2.2,6.2,0.357,5.3,11.2,0.471,5.4,6.3,0.854,0.7,4.0,4.6,2.9,0.7,1.1,2.0,2.4,22.5,NBA,  DET,F,26,"$20,002,500  ",20002500.0,0.0027,50
50,Myles Turner,47,47,31.0,4.4,9.2,0.477,1.5,4.4,0.335,2.9,4.8,0.606,2.4,3.0,0.782,1.3,5.2,6.5,1.0,0.9,3.4,1.4,3.5,12.6,NBA,  IND,C,24,"$20,000,000  ",20000000.0,0.0027,51
51,Aaron Gordon,38,38,28.6,4.8,10.5,0.46,1.4,3.9,0.354,3.5,6.7,0.522,2.2,3.4,0.651,1.5,4.6,6.1,3.7,0.7,0.7,2.2,1.8,13.3,NBA,  DEN,F,25,"$20,000,000  ",20000000.0,0.0027,52
52,Zach LaVine,53,53,35.2,9.8,19.4,0.506,3.4,8.2,0.416,6.4,11.2,0.572,4.4,5.2,0.848,0.6,4.5,5.1,5.1,0.8,0.5,3.6,2.3,27.5,NBA,  CHI,G,25,"$19,500,000  ",19500000.0,0.00264,53
53,Terry Rozier,54,54,34.1,7.5,16.0,0.468,3.4,8.3,0.405,4.1,7.7,0.535,2.4,2.9,0.819,0.6,3.7,4.3,3.9,1.3,0.4,1.9,1.7,20.7,NBA,  CHA,G,26,"$18,900,000  ",18900000.0,0.00255,54
54,Eric Gordon,27,13,29.2,5.9,13.6,0.433,2.6,7.8,0.329,3.3,5.8,0.573,3.5,4.2,0.825,0.3,1.9,2.1,2.6,0.5,0.5,1.9,1.6,17.8,NBA,  HOU,G,31,"$18,893,589  ",18893589.0,0.00255,55
55,Joe Harris,59,55,30.8,5.3,10.3,0.515,3.2,6.5,0.482,2.1,3.7,0.573,0.7,0.9,0.759,0.6,2.9,3.6,1.8,0.7,0.2,0.8,2.0,14.4,NBA,  BKN,G,29,"$18,750,000  ",18750000.0,0.00253,56
56,Domantas Sabonis,53,53,35.7,7.5,14.4,0.52,0.8,2.6,0.302,6.7,11.8,0.568,4.1,5.6,0.731,2.5,9.1,11.6,6.0,1.1,0.5,3.4,3.4,19.9,NBA,  IND,F,24,"$18,725,000  ",18725000.0,0.00253,57
57,Bojan Bogdanovic,59,59,30.5,5.1,12.0,.421,2.4,6.3,.382,2.7,5.8,.463,2.9,3.4,.874,0.5,3.3,3.9,1.9,0.6,0.1,1.5,1.6,15.5,NBA,  UTH,F, 31 ,"$18,275,000  ",18275000.0,0.00247,58
58,Goran Dragic,40,10,26.3,4.6,10.6,.435,1.7,4.7,.355,3.0,6.0,.498,2.1,2.6,.814,0.5,3.0,3.5,4.4,0.7,0.2,2.5,2.2,13.0,NBA,  MIA,G, 34 ,"$18,000,000  ",18000000.0,0.00243,59
59,Bogdan Bogdanovic,35,18,28.6,5.5,12.0,.455,2.9,7.0,.418,2.5,5.0,.506,0.9,1.0,.912,0.5,3.2,3.7,3.2,0.9,0.3,1.2,2.2,14.7,NBA,  ATL,G, 28 ,"$18,000,000  ",18000000.0,0.00243,60
60,Clint Capela,52,52,30.5,6.8,11.3,0.604,0.0,0.0,,6.8,11.3,0.604,2.1,3.7,0.579,4.9,9.8,14.7,0.8,0.7,2.2,1.2,2.3,15.7,NBA,  ATL,C,26,"$18,000,000  ",18000000.0,0.00243,61
61,Tim Hardaway Jr.,56,20,28.3,5.6,12.7,0.44,2.8,7.4,0.385,2.8,5.3,0.517,1.8,2.2,0.8,0.3,3.0,3.3,1.7,0.4,0.1,0.9,1.5,15.8,NBA,  DAL,G,28,"$17,737,500  ",17737500.0,0.0024,62
62,Eric Bledsoe,57,56,30.1,4.1,10.1,0.407,1.8,5.1,0.346,2.4,5.0,0.469,1.8,2.4,0.734,0.4,3.0,3.4,3.7,0.7,0.3,1.6,1.6,11.8,NBA,  NOP,G,30,"$17,500,000  ",17500000.0,0.00236,63
63,Dennis Schr√∂der,54,54,31.8,5.4,12.3,0.434,1.1,3.3,0.343,4.2,9.0,0.467,3.6,4.2,0.843,0.5,3.0,3.5,5.5,1.2,0.2,2.7,2.6,15.4,NBA,  LAL,G,27,"$17,500,000  ",17500000.0,0.00236,64
64,Caris LeVert,34,26,30.9,7.1,16.5,0.431,1.7,5.6,0.305,5.4,10.9,0.495,2.6,3.2,0.8,0.8,3.7,4.5,4.8,1.5,0.5,2.0,2.1,18.5,NBA,  IND,G,26,"$17,500,000  ",17500000.0,0.00236,65
65,Evan Fournier,30,26,30.1,6.2,13.6,0.457,2.8,7.0,0.398,3.4,6.5,0.52,3.4,4.2,0.795,0.2,2.6,2.7,3.4,1.1,0.4,1.9,2.2,18.6,NBA,  BOS,G,27,"$17,000,000  ",17000000.0,0.0023,66
66,Ricky Rubio,56,41,26.3,2.8,7.2,0.38,0.9,2.9,0.305,1.9,4.3,0.432,2.0,2.4,0.856,0.4,2.8,3.2,6.7,1.4,0.1,1.8,2.1,8.4,NBA,  MIN,G,29,"$17,000,000  ",17000000.0,0.0023,67
67,Davis Bertans,44,5,24.6,3.4,8.3,.413,3.0,7.5,.407,0.4,0.8,.459,1.8,2.0,.885,0.3,2.7,3.0,0.9,0.6,0.2,0.6,2.5,11.7,NBA,  WAS,F, 27 ,"$16,000,000  ",16000000.0,0.00216,68
68,Rudy Gay,50,0,21.6,4.0,9.8,0.414,1.6,4.2,0.373,2.5,5.5,0.446,1.3,1.6,0.8,0.7,4.2,4.9,1.5,0.7,0.6,1.0,1.9,10.9,NBA,  SAS,F,34,"$16,000,000  ",16000000.0,0.00216,69
69,Dejounte Murray,55,55,31.6,6.5,14.3,0.451,1.0,3.1,0.333,5.4,11.2,0.484,1.6,2.0,0.791,0.7,6.2,6.9,5.3,1.5,0.1,1.7,2.0,15.5,NBA,  SAS,G,24,"$15,955,000  ",15955000.0,0.00216,70
70,Kelly Oubre Jr.,52,50,30.8,5.8,13.1,0.439,1.6,5.1,0.318,4.1,8.0,0.516,2.2,3.1,0.71,1.5,4.6,6.0,1.3,1.0,0.8,1.3,2.3,15.3,NBA,  GSW,F,24,"$15,000,000  ",15000000.0,0.00203,71
71,Jonas Valanciunas,50,49,28.0,7.0,12.1,.580,0.3,1.0,.333,6.7,11.2,.601,2.6,3.4,.774,4.2,8.4,12.6,1.8,0.5,0.7,1.7,2.9,17.0,NBA,  MEM,C, 28 ,"$15,000,000  ",15000000.0,0.00203,72
72,Malik Beasley,37,36,32.8,7.1,16.2,0.44,3.5,8.7,0.399,3.7,7.5,0.487,1.8,2.2,0.85,0.8,3.6,4.4,2.4,0.8,0.2,1.6,1.7,19.6,NBA,  MIN,G,23,"$15,000,000  ",15000000.0,0.00203,73
73,Danny Green,57,57,28.6,3.4,8.0,0.423,2.6,6.3,0.418,0.8,1.7,0.443,0.4,0.6,0.758,0.8,2.9,3.8,1.7,1.3,0.9,1.0,1.9,9.8,NBA,  PHI,G,33,"$15,000,000  ",15000000.0,0.00203,74
74,Andre Iguodala,52,4,21.5,1.6,4.2,0.385,1.0,3.2,0.329,0.6,1.0,0.556,0.4,0.7,0.647,0.6,3.1,3.7,2.2,1.0,0.5,1.0,1.4,4.7,NBA,  MIA,F,36,"$15,000,000  ",15000000.0,0.00203,75
75,Thaddeus Young,54,17,24.1,5.5,9.6,0.574,0.2,0.6,0.265,5.4,9.0,0.596,1.0,1.6,0.631,2.4,3.8,6.2,4.2,1.1,0.6,2.0,2.4,12.2,NBA,  CHI,F,32,"$14,545,000  ",14545000.0,0.00197,76
76,James Johnson,40,6,20.1,2.7,6.1,0.442,0.6,2.4,0.26,2.1,3.7,0.562,0.9,1.3,0.642,0.6,2.7,3.3,2.0,0.9,0.9,1.1,2.3,6.8,NBA,  NOP,F,33,"$14,431,700  ",14431700.0,0.00195,77
77,Cody Zeller,37,20,21.2,3.6,6.7,0.54,0.1,0.7,0.12,3.5,6.0,0.587,1.6,2.2,0.735,2.6,4.4,7.0,1.9,0.6,0.4,1.0,2.4,9.0,NBA,  CHA,C,27,"$14,000,000  ",14000000.0,0.00189,78
78,Christian Wood,36,36,31.9,8.1,15.3,0.529,1.8,4.8,0.38,6.3,10.6,0.596,2.9,4.6,0.628,1.7,7.6,9.3,1.5,0.9,1.3,1.8,2.1,20.9,NBA,  HOU,F,25,"$13,666,667  ",13666667.0,0.00185,79
79,Terrence Ross,46,2,29.3,5.5,13.4,0.412,1.9,5.7,0.337,3.6,7.7,0.469,2.6,3.0,0.87,0.3,3.1,3.4,2.3,1.0,0.5,1.6,1.9,15.6,NBA,  ORL,G,29,"$13,500,000  ",13500000.0,0.00182,80
80,Patrick Beverley,31,31,23.4,2.6,6.1,0.432,1.7,4.0,0.416,1.0,2.1,0.462,1.1,1.3,0.805,0.9,2.7,3.6,2.1,0.8,0.8,0.9,3.1,8.0,NBA,  LAC,G,32,"$13,333,327  ",13333327.0,0.0018,81
81,Will Barton,55,51,31.5,4.7,11.1,0.426,1.8,4.7,0.381,2.9,6.4,0.459,1.7,2.2,0.785,0.7,3.4,4.1,3.3,0.9,0.4,1.7,1.7,12.9,NBA,  DEN,F,29,"$13,250,000  ",13250000.0,0.00179,82
82,J.J. Redick,36,0,17.8,2.7,6.6,0.405,1.6,4.4,0.376,1.0,2.2,0.463,1.3,1.4,0.94,0.1,1.6,1.7,1.2,0.3,0.1,0.8,1.1,8.3,NBA,  DAL,G,36,"$13,250,000  ",13250000.0,0.00179,83
83,Kentavious Caldwell-Pope,54,54,27.3,3.2,7.4,0.429,1.7,4.1,0.42,1.4,3.2,0.44,1.2,1.5,0.848,0.4,2.3,2.7,1.6,0.8,0.3,1.0,1.6,9.3,NBA,  LAL,G,27,"$13,038,862  ",13038862.0,0.00176,84
84,Justise Winslow,18,0,20.6,3.0,8.6,0.348,0.3,2.3,0.122,2.7,6.3,0.43,0.6,1.0,0.556,0.7,3.7,4.4,1.8,0.7,0.4,1.7,1.9,6.8,NBA,  MEM,F,24,"$13,000,000  ",13000000.0,0.00176,85
85,Joe Ingles,54,17,27.2,4.2,8.0,0.525,2.9,5.8,0.494,1.4,2.2,0.608,1.1,1.3,0.857,0.4,3.3,3.7,4.4,0.7,0.2,1.6,1.9,12.4,NBA,  UTH,F,32,"$13,000,000  ",13000000.0,0.00176,86
86,Brook Lopez,56,56,27.4,4.3,8.9,0.483,1.5,4.4,0.348,2.8,4.5,0.613,1.6,1.8,0.854,1.4,3.6,5.1,0.7,0.6,1.4,0.9,2.1,11.7,NBA,  MIL,C,32,"$13,000,000  ",13000000.0,0.00176,87
87,Marcus Smart,38,35,32.6,4.3,10.4,0.411,2.1,5.8,0.355,2.2,4.7,0.48,2.8,3.6,0.788,0.7,2.7,3.3,5.6,1.5,0.5,1.8,2.5,13.5,NBA,  BOS,G,26,"$12,999,975  ",12999975.0,0.00176,88
88,Jordan Clarkson,55,1,26.0,6.4,15.1,0.424,3.0,8.7,0.35,3.4,6.4,0.524,1.7,1.8,0.949,0.7,3.2,4.0,2.1,0.9,0.1,1.7,1.5,17.5,NBA,  UTH,G,28,"$12,880,000  ",12880000.0,0.00174,89
89,Marvin Bagley III,37,37,25.7,5.6,11.2,0.502,0.9,2.6,0.354,4.7,8.6,0.547,1.6,2.9,0.56,2.5,5.0,7.4,0.9,0.5,0.5,1.3,2.4,13.9,NBA,  SAC,F,21,"$12,724,946  ",12724946.0,0.00172,90
90,Taurean Prince,41,10,22.1,3.2,8.0,0.401,1.5,3.8,0.4,1.7,4.2,0.401,1.6,1.9,0.855,0.5,3.0,3.5,1.9,0.7,0.6,1.1,1.8,9.5,NBA,  CLE,F,26,"$12,625,000  ",12625000.0,0.00171,91
91,Kelly Olynyk,58,50,27.8,4.5,9.3,0.481,1.8,5.4,0.339,2.7,3.9,0.675,1.2,1.4,0.807,1.1,5.4,6.5,2.2,0.9,0.6,1.5,2.8,11.9,NBA,  HOU,F,29,"$12,500,000  ",12500000.0,0.00169,92
92,Trevor Ariza,18,15,26.6,2.8,7.2,0.385,1.5,4.1,0.365,1.3,3.1,0.411,1.2,1.6,0.75,0.7,3.5,4.2,1.7,0.7,0.6,0.7,1.6,8.2,NBA,  MIA,F,35,"$12,500,000  ",12500000.0,0.00169,93
93,Cory Joseph,58,8,22.6,3.0,6.4,0.463,0.7,2.1,0.336,2.3,4.4,0.522,1.2,1.4,0.807,0.6,1.9,2.5,3.2,1.0,0.3,1.2,2.2,7.8,NBA,  DET,G,29,"$12,400,000  ",12400000.0,0.00168,94
94,Jusuf Nurkic,24,24,23.0,4.0,8.1,.495,0.4,1.0,.360,3.6,7.0,.515,1.6,2.6,.613,2.1,5.8,7.8,3.3,1.0,0.9,2.0,3.0,10.0,NBA,  POR,C, 26 ,"$12,000,000  ",12000000.0,0.00162,95
95,DeWanna Bonner,22,22,732.0,6.7,16.0,0.422,1.2,4.9,0.252,5.5,11.1,0.496,5.0,5.6,0.895,1.5,6.3,7.8,3.0,1.7,0.5,2.4,2.1,19.7,WNBA,  CON,F,33,"$224,870  ",224870.0,0.00375,96
96,Skylar Diggins-Smith,22,22,675.0,5.8,12.2,0.474,2.1,5.3,0.397,3.7,6.9,0.5329999999999999,4.1,4.5,0.9,0.5,2.8,3.3,4.2,0.9,0.5,3.2,2.3,17.7,WNBA,  PHX,G,30,"$224,870  ",224870.0,0.00375,97
97,Diana Taurasi,19,19,533.0,5.1,12.4,0.409,3.2,8.8,0.365,1.8,3.6,0.515,5.4,5.9,0.912,0.1,4.1000000000000005,4.2,4.5,1.0,0.4,2.3,2.7,18.7,WNBA,  PHX,G,38,"$224,772  ",224772.0,0.00375,98
98,Natasha Howard,22,22,463.0,4.0,7.5,0.53,0.3,0.9,0.35,3.6,6.5,0.556,1.3,1.6,0.778,2.4,4.699999999999999,7.1,1.0,1.7,0.6,2.1,3.0,9.5,WNBA,  NY,F,29,"$224,675  ",224675.0,0.00374,99
99,Brittney Griner,12,12,382.0,7.3,14.6,0.497,0.0,0.1,0.0,7.3,14.5,0.5,3.2,3.9,0.809,1.5,6.0,7.5,3.0,0.3,1.8,2.5,2.5,17.7,WNBA,  PHX,C,30,"$221,515  ",221515.0,0.00369,100
100,Sue Bird,11,11,257.0,3.7,7.5,0.494,2.1,4.5,0.469,1.6,3.1,0.529,0.3,0.4,0.75,0.1,1.6,1.7,5.2,0.6,0.2,1.6,0.8,9.8,WNBA,  SEA,G,40,"$221,450  ",221450.0,0.00369,101
101,Alyssa Thomas,21,21,689.0,5.8,11.6,0.5,0.0,0.0,0.0,5.8,11.6,0.502,3.9,5.6,0.6859999999999999,1.9,7.1,9.0,4.8,2.0,0.3,2.5,2.8,15.5,WNBA,  CON,F,29,"$209,000  ",209000.0,0.00348,102
102,Courtney Vandersloot,22,22,693.0,4.9,9.9,0.491,1.4,3.5,0.395,3.5,6.5,0.542,2.5,2.9,0.889,0.5,3.0,3.5,10.0,1.2,0.4,2.5,2.1,13.6,WNBA,  CHI,G,32,"$203,000  ",203000.0,0.00338,103
103,Allie Quigley,22,22,631.0,5.9,13.1,0.4479999999999999,2.1,6.0,0.346,3.8,7.0,0.535,1.5,1.7,0.919,0.3,2.6,2.9,2.4,0.6,0.3,1.3,1.4,15.4,WNBA,  CHI,G,34,"$197,000  ",197000.0,0.00328,104
104,Kayla McBride,22,22,587.0,4.1,9.6,0.425,1.1,3.3,0.342,3.0,6.3,0.4679999999999999,3.2,3.5,0.897,0.4,1.9,2.3,2.4,1.2,0.1,1.4,1.4,12.5,WNBA,  MIN,G,28,"$196,267  ",196267.0,0.00327,105
105,Betnijah Laney,22,22,738.0,6.5,13.5,0.481,1.4,3.4,0.405,5.1,10.1,0.507,2.8,3.4,0.8270000000000001,1.1,3.8,4.9,4.0,1.6,0.1,3.0,2.5,17.2,WNBA,  NY,G,27,"$196,267  ",196267.0,0.00327,106
106,Aerial Powers,6,6,179.0,5.3,11.5,0.4639999999999999,1.5,4.3,0.346,3.8,7.2,0.535,4.2,5.0,0.833,0.3,4.5,4.8,2.5,1.5,0.0,1.8,2.7,16.3,WNBA,  MIN,F,27,"$196,267  ",196267.0,0.00327,107
107,Chelsea Gray,22,22,679.0,5.5,12.5,0.442,0.8,2.7,0.305,4.7,9.9,0.479,2.1,2.2,0.939,0.7,3.0,3.7,5.3,1.5,0.1,2.7,1.7,14.0,WNBA,  LV,G,28,"$193,409  ",193409.0,0.00322,108
108,Nneka Ogwumike,18,18,476.0,5.3,9.3,0.569,0.5,1.0,0.5,4.8,8.3,0.5770000000000001,2.3,2.7,0.8370000000000001,1.2,3.6,4.8,1.7,1.1,0.2,1.6,2.3,13.3,WNBA,  LA,F,30,"$193,409  ",193409.0,0.00322,109
109,Candace Parker,22,22,665.0,5.6,11.0,0.51,0.9,2.2,0.396,4.8,8.9,0.5379999999999999,2.6,3.5,0.731,1.7,7.999999999999999,9.7,4.6,1.2,1.2,2.9,2.3,14.7,WNBA,  CHI,F,35,"$192,500  ",192500.0,0.00321,110
110,Cheyenne Parker,20,13,497.0,4.9,8.8,0.5539999999999999,0.8,1.6,0.469,4.1,7.2,0.573,2.9,3.4,0.853,2.4,4.0,6.4,1.5,1.3,0.9,2.8,3.2,13.4,WNBA,  ATL,F,28,"$190,550  ",190550.0,0.00318,111
111,Bria Hartley,13,3,322.0,5.1,12.1,0.42,1.9,5.0,0.385,3.2,7.1,0.446,2.5,3.2,0.805,0.4,2.5,2.9,4.5,1.2,0.0,2.1,2.5,14.6,WNBA,  PHX,G,28,"$190,517  ",190517.0,0.00318,112
112,Jasmine Thomas,19,19,485.0,4.0,9.9,0.4039999999999999,1.1,3.3,0.3329999999999999,2.9,6.6,0.44,1.1,1.2,0.913,0.2,1.5,1.7,4.0,1.3,0.3,2.4,1.6,10.2,WNBA,  CON,G,31,"$188,333  ",188333.0,0.00314,113
113,Angel McCoughtry,22,22,440.0,5.3,10.3,0.518,0.7,1.5,0.471,4.6,8.7,0.526,3.0,3.5,0.882,1.7,3.3999999999999995,5.1,2.5,1.3,0.3,1.7,2.2,14.4,WNBA,  LV,F,34,"$187,750  ",187750.0,0.00313,114
114,Courtney Williams,20,14,615.0,6.7,15.4,0.436,0.4,1.7,0.235,6.3,13.7,0.462,0.8,1.2,0.696,1.9,5.300000000000001,7.2,3.2,0.7,0.1,2.7,2.0,14.6,WNBA,  ATL,G,26,"$187,750  ",187750.0,0.00313,115
115,Breanna Stewart,20,20,607.0,6.7,14.8,0.451,1.8,4.8,0.368,4.9,10.0,0.49,4.7,5.2,0.894,1.0,7.300000000000001,8.3,3.6,1.7,1.3,2.6,2.3,19.7,WNBA,  SEA,F,26,"$187,750  ",187750.0,0.00313,116
116,Alysha Clark,22,22,633.0,3.7,6.7,0.5579999999999999,1.6,3.0,0.522,2.1,3.6,0.588,0.9,1.1,0.8,0.9,3.3000000000000003,4.2,2.7,1.5,0.5,0.9,1.7,10.0,WNBA,  WAS,F,33,"$183,000  ",183000.0,0.00305,117
117,Stefanie Dolson,15,8,273.0,2.3,4.7,0.486,0.8,2.1,0.375,1.5,2.5,0.579,0.9,1.3,0.737,0.7,2.8,3.5,1.7,0.4,0.9,1.0,3.2,6.3,WNBA,  CHI,C,29,"$177,625  ",177625.0,0.00296,118
118,Moriah Jefferson,9,6,148.0,2.0,4.9,0.409,0.2,0.7,0.3329999999999999,1.8,4.2,0.421,0.8,1.3,0.583,0.9,2.2,3.1,2.0,0.8,0.2,1.7,1.9,5.0,WNBA,  DAL,G,27,"$175,067  ",175067.0,0.00292,119
119,Shekinna Stricklen,22,15,482.0,2.1,6.3,0.341,1.5,4.5,0.3329999999999999,0.6,1.8,0.359,0.4,0.4,1.0,0.2,1.7,1.9,0.6,0.3,0.0,0.7,2.0,6.1,WNBA,  ATL,F,30,"$172,550  ",172550.0,0.00288,120
120,Ariel Atkins,22,22,682.0,5.0,11.4,0.4379999999999999,2.0,4.9,0.411,3.0,6.5,0.4579999999999999,2.8,3.2,0.8859999999999999,0.8,2.1,2.9,2.4,1.8,0.2,1.9,2.6,14.8,WNBA,  WAS,G,24,"$172,500  ",172500.0,0.00288,121
121,Candice Dupree,22,22,665.0,5.3,11.4,0.462,0.1,0.8,0.1669999999999999,5.1,10.6,0.485,1.9,2.2,0.8540000000000001,1.2,4.5,5.7,2.5,0.7,0.4,1.3,1.2,12.5,WNBA,  SEA,F,36,"$170,000  ",170000.0,0.00283,122
122,Kahleah Copper,22,22,688.0,6.0,12.1,0.496,1.0,2.8,0.344,5.0,9.3,0.541,1.9,2.6,0.737,1.0,4.5,5.5,2.1,1.0,0.2,2.5,2.4,14.9,WNBA,  CHI,G,26,"$165,000  ",165000.0,0.00275,123
123,Allisha Gray,20,14,524.0,4.6,9.8,0.4639999999999999,1.3,3.6,0.352,3.3,6.3,0.528,2.7,3.3,0.831,1.4,2.8000000000000003,4.2,1.3,1.1,0.3,1.1,1.9,13.1,WNBA,  DAL,G,26,"$164,800  ",164800.0,0.00275,124
124,Natalie Achonwa,18,11,364.0,3.2,6.4,0.496,0.0,0.6,0.0,3.2,5.8,0.5429999999999999,1.4,1.8,0.813,1.4,4.1,5.5,1.7,0.5,0.6,1.8,2.6,7.8,WNBA,  MIN,C,28,"$159,867  ",159867.0,0.00266,125
125,Danielle Robinson,22,1,492.0,2.8,5.5,0.512,0.2,0.6,0.385,2.6,4.9,0.528,1.5,1.9,0.81,0.2,2.2,2.4,3.2,0.9,0.1,1.3,1.7,7.4,WNBA,  IND,G,31,"$155,000  ",155000.0,0.00258,126
126,Isabelle Harrison,13,11,258.0,2.6,5.8,0.447,0.0,0.2,0.0,2.6,5.6,0.466,1.2,1.5,0.789,1.5,3.1,4.6,1.5,0.7,0.4,1.4,2.5,6.4,WNBA,  DAL,F,27,"$154,455  ",154455.0,0.00257,127
127,Sami Whitcomb,22,0,363.0,2.8,6.4,0.4429999999999999,1.5,3.8,0.381,1.4,2.5,0.536,1.0,1.0,1.0,0.2,2.1,2.3,2.0,0.7,0.1,1.0,1.4,8.1,WNBA,  NY,G,32,"$150,350  ",150350.0,0.00251,128
128,Tiffany Mitchell,19,11,502.0,3.9,11.3,0.346,0.9,3.8,0.233,3.0,7.4,0.4039999999999999,4.1,4.3,0.951,0.8,2.6,3.4,2.6,0.6,0.1,2.4,2.6,12.7,WNBA,  IND,G,26,"$144,242  ",144242.0,0.0024,129
129,Tianna Hawkins,17,5,329.0,3.1,7.6,0.408,1.0,3.4,0.298,2.1,4.3,0.493,1.3,1.5,0.846,0.7,2.8,3.5,1.0,0.8,0.4,1.2,2.6,8.5,WNBA,  ATL,F,30,"$142,100  ",142100.0,0.00237,130
130,Leilani Mitchell,22,22,673.0,3.3,8.1,0.408,1.3,4.3,0.305,2.0,3.8,0.524,1.5,1.8,0.872,0.5,2.3,2.8,5.4,0.8,0.0,1.7,2.1,9.5,WNBA,  WAS,G,35,"$125,250  ",125250.0,0.00209,131
131,Layshia Clarendon,19,19,496.0,3.9,8.4,0.465,0.8,2.3,0.341,3.1,6.1,0.513,2.9,3.3,0.873,0.3,2.2,2.5,3.9,0.9,0.0,3.4,2.9,11.5,WNBA,  NY,G,29,"$120,000  ",120000.0,0.002,132
132,Brionna Jones,21,21,549.0,4.7,7.7,0.605,0.0,0.0,1.0,4.6,7.7,0.602,1.8,2.6,0.691,2.8,2.8,5.6,1.0,1.7,0.7,1.6,3.1,11.2,WNBA,  CON,C,25,"$120,000  ",120000.0,0.002,133
133,Jewell Loyd,22,22,613.0,5.1,11.5,0.4429999999999999,1.8,4.5,0.39,3.3,7.0,0.477,3.5,4.0,0.875,0.6,1.7999999999999998,2.4,3.2,1.5,0.3,1.9,1.5,15.5,WNBA,  SEA,G,27,"$119,500  ",119500.0,0.00199,134
134,Briann January,13,10,303.0,1.7,5.8,0.293,0.8,2.4,0.355,0.8,3.4,0.25,0.8,0.9,0.833,0.3,0.8999999999999999,1.2,3.4,0.6,0.2,1.2,1.9,5.0,WNBA,  CON,G,34,"$119,500  ",119500.0,0.00199,135
135,Dearica Hamby,22,0,622.0,5.0,9.3,0.539,0.8,1.7,0.474,4.2,7.5,0.5539999999999999,2.2,3.0,0.716,1.3,5.8,7.1,2.7,1.7,0.2,2.0,2.3,13.0,WNBA,  LV,F,27,"$117,000  ",117000.0,0.00195,136
136,Elizabeth Williams,22,22,647.0,4.0,8.1,0.489,0.0,0.0,,4.0,8.1,0.489,2.2,3.0,0.742,2.2,3.5,5.7,1.4,0.8,1.4,1.1,2.6,10.1,WNBA,  ATL,C,27,"$116,000  ",116000.0,0.00193,137
137,Sylvia Fowles,7,7,168.0,5.6,9.1,0.609,0.0,0.0,,5.6,9.1,0.609,3.4,4.1,0.828,3.0,6.699999999999999,9.7,0.9,0.9,1.1,1.1,2.6,14.6,WNBA,  MIN,C,35,"$115,627  ",115627.0,0.00193,138
138,Epiphanny Prince,15,0,190.0,1.5,3.8,0.386,0.6,1.8,0.3329999999999999,0.9,2.0,0.433,0.7,0.9,0.846,0.1,1.1,1.2,1.4,0.4,0.1,0.8,1.5,4.3,WNBA,  SEA,G,33,"$115,000  ",115000.0,0.00192,139
139,Brittney Sykes,21,14,517.0,3.5,7.1,0.487,0.8,2.3,0.327,2.7,4.8,0.564,2.4,3.0,0.8059999999999999,0.8,1.8,2.6,2.1,1.5,0.3,1.7,3.0,10.1,WNBA,  LA,G,27,"$111,650  ",111650.0,0.00186,140
140,Kia Vaughn,22,10,415.0,2.8,5.8,0.488,0.0,0.1,0.0,2.8,5.7,0.496,0.5,0.9,0.579,1.1,2.5,3.6,1.5,0.5,0.3,1.5,1.8,6.1,WNBA,  PHX,C,34,"$110,000  ",110000.0,0.00183,141
141,Damiris Dantas,22,22,586.0,4.6,10.0,0.4639999999999999,1.8,4.1,0.433,2.9,5.9,0.485,1.8,2.5,0.727,1.7,4.4,6.1,2.6,1.1,0.2,1.8,2.5,12.9,WNBA,  MIN,F,28,"$105,000  ",105000.0,0.00175,142
142,Kayla Thornton,22,14,557.0,2.5,5.7,0.429,1.1,3.3,0.347,1.3,2.5,0.537,1.3,1.5,0.875,1.5,3.6,5.1,0.8,0.9,0.2,1.1,3.0,7.3,WNBA,  DAL,F,28,"$101,985  ",101985.0,0.0017,143
143,Rachel Banham,20,1,339.0,2.4,5.2,0.462,1.3,2.7,0.472,1.2,2.6,0.451,0.8,1.0,0.8,0.1,1.2,1.3,2.4,0.5,0.1,1.0,2.0,6.9,WNBA,  MIN,G,27,"$101,500  ",101500.0,0.00169,144
144,Riquna Williams,21,4,444.0,3.9,8.9,0.435,2.0,4.9,0.422,1.8,4.0,0.452,0.8,0.9,0.889,0.1,1.7,1.8,1.5,1.1,0.3,0.9,2.0,10.5,WNBA,  LV,G,30,"$91,250  ",91250.0,0.00152,145
145,Tierra Ruffin-Pratt,17,10,251.0,0.7,2.6,0.267,0.4,0.8,0.462,0.4,1.9,0.188,1.1,1.5,0.731,0.5,1.6,2.1,0.9,0.6,0.2,0.5,1.6,2.9,WNBA,  LA,G,30,"$90,000  ",90000.0,0.0015,146
146,Shatori Walker-Kimbrough,21,10,400.0,2.6,6.0,0.429,1.0,2.4,0.431,1.5,3.6,0.427,1.1,1.2,0.92,0.3,1.3,1.6,1.5,1.1,0.4,1.0,1.1,7.3,WNBA,  ATL,G,25,"$85,000  ",85000.0,0.00142,147
147,Sydney Wiese,19,15,363.0,2.5,4.9,0.505,1.3,2.8,0.472,1.2,2.1,0.55,0.6,0.6,0.917,0.3,1.4,1.7,1.2,0.6,0.1,1.2,0.9,6.8,WNBA,  LA,G,25,"$76,800  ",76800.0,0.00128,148
148,Odyssey Sims,13,7,240.0,3.2,8.0,0.4039999999999999,0.6,1.8,0.3329999999999999,2.6,6.2,0.425,2.3,2.5,0.909,0.6,1.4,2.0,3.5,0.5,0.1,1.9,1.7,9.4,WNBA,  ATL,G,28,"$75,000  ",75000.0,0.00125,149
149,Erica McCall,20,0,183.0,0.8,2.3,0.356,0.1,0.2,0.25,0.8,2.1,0.366,0.9,1.1,0.818,1.2,1.3,2.5,0.2,0.4,0.4,0.5,1.2,2.6,WNBA,  WAS,F,25,"$73,000  ",73000.0,0.00122,150
150,Kiah Stokes,22,22,601.0,2.3,6.2,0.372,0.9,3.9,0.235,1.4,2.4,0.596,0.2,0.3,0.5710000000000001,1.3,5.4,6.7,1.2,0.5,1.2,1.3,2.0,5.7,WNBA,  NY,C,28,"$71,633  ",71633.0,0.00119,151
151,Satou Sabally,16,14,450.0,4.2,11.4,0.368,0.8,4.1,0.1969999999999999,3.4,7.3,0.466,4.7,5.4,0.872,2.6,5.199999999999999,7.8,2.5,0.9,0.9,2.2,3.1,13.9,WNBA,  DAL,F,22,"$71,199  ",71199.0,0.00119,152
152,Sabrina Ionescu,3,3,80.0,6.3,14.0,0.452,2.3,6.7,0.35,4.0,7.3,0.545,3.3,3.3,1.0,0.7,4.0,4.7,4.0,0.7,0.0,4.3,1.3,18.3,WNBA,  NY,G,23,"$71,199  ",71199.0,0.00119,153
153,Lauren Cox,14,1,183.0,1.3,3.1,0.419,0.2,0.4,0.5,1.1,2.6,0.405,0.8,1.1,0.733,0.7,2.6,3.3,1.4,0.4,0.3,0.8,1.4,3.6,WNBA,  IND,F,23,"$71,199  ",71199.0,0.00119,154
154,Chennedy Carter,16,16,406.0,6.6,14.0,0.473,0.8,2.0,0.375,5.9,12.0,0.49,3.4,4.2,0.821,0.5,1.7999999999999998,2.3,3.4,0.9,0.3,2.7,3.6,17.4,WNBA,  ATL,G,22,"$71,199  ",71199.0,0.00119,155
155,Lindsay Allen,21,21,284.0,1.3,3.1,0.424,0.3,0.8,0.353,1.0,2.3,0.449,0.4,0.5,0.8,0.3,0.8,1.1,2.4,0.3,0.0,0.8,1.0,3.3,WNBA,  IND,G,26,"$70,040  ",70040.0,0.00117,156
156,Bria Holmes,18,4,291.0,1.9,5.4,0.357,0.6,1.7,0.3329999999999999,1.4,3.8,0.368,0.4,0.7,0.667,0.7,1.1,1.8,1.1,0.7,0.3,1.0,0.9,4.9,WNBA,  LA,G,27,"$70,040  ",70040.0,0.00117,157
157,Astou Ndour,13,7,151.0,1.5,4.4,0.351,0.5,1.9,0.24,1.1,2.5,0.4379999999999999,0.0,0.0,,1.0,1.9,2.9,0.5,0.2,0.5,0.5,2.2,3.5,WNBA,  CHI,C,26,"$70,040  ",70040.0,0.00117,158
158,Nia Coffey,15,1,230.0,1.1,2.5,0.421,0.5,1.4,0.3329999999999999,0.6,1.1,0.529,0.1,0.4,0.1669999999999999,0.3,2.2,2.5,0.8,0.3,0.3,0.5,2.0,2.7,WNBA,  LA,F,25,"$70,040  ",70040.0,0.00117,159
159,Seimone Augustus,21,0,332.0,2.6,5.2,0.491,0.6,1.0,0.545,2.0,4.2,0.477,0.2,0.3,0.667,0.1,1.7,1.8,1.2,0.6,0.1,0.4,1.0,5.9,WNBA,  LA,G,36,"$70,040  ",70040.0,0.00117,160
160,Alexis Prince,2,0,16.0,1.5,2.5,0.6,1.0,1.5,0.667,0.5,1.0,0.5,0.0,0.0,,1.0,0.5,1.5,0.0,0.0,0.5,0.0,0.5,4.0,WNBA,  CHI,G,27,"$70,040  ",70040.0,0.00117,161
161,Theresa Plaisance,13,0,90.0,0.8,2.2,0.379,0.4,1.3,0.294,0.5,0.9,0.5,0.4,0.5,0.833,0.2,0.8,1.0,0.1,0.4,0.2,0.2,1.5,2.5,WNBA,  WAS,F,28,"$70,040  ",70040.0,0.00117,162
162,Kaela Davis,2,0,2.0,0.0,0.0,,0.0,0.0,,0.0,0.0,,0.0,0.0,,0.0,0.0,0.0,0.0,0.0,0.0,0.0,0.0,0.0,WNBA,  ATL,F,26,"$70,040  ",70040.0,0.00117,163
163,Bella Alarie,22,3,309.0,1.1,3.0,0.364,0.0,0.6,0.077,1.0,2.4,0.434,0.5,0.5,0.833,1.0,1.9,2.9,0.5,0.6,0.8,0.5,1.6,2.7,WNBA,  DAL,G,22,"$68,339  ",68339.0,0.00114,164
164,Ruthy Hebard,22,6,320.0,2.6,3.9,0.682,0.0,0.0,,2.6,3.9,0.682,0.4,0.5,0.75,0.8,3.1,3.9,0.3,0.5,0.4,0.7,1.6,5.7,WNBA,  CHI,F,22,"$68,339  ",68339.0,0.00114,165
165,Tyasha Harris,21,3,412.0,2.6,6.0,0.433,0.9,2.7,0.3389999999999999,1.7,3.4,0.507,0.7,1.0,0.636,0.0,1.2,1.2,2.7,0.9,0.1,0.9,1.7,6.8,WNBA,  DAL,G,22,"$68,339  ",68339.0,0.00114,166
166,Mikiah Herbert Harrigan,21,0,234.0,1.4,3.9,0.366,0.7,1.6,0.424,0.8,2.3,0.327,0.2,0.3,0.7140000000000001,0.7,1.6,2.3,0.3,0.4,0.4,0.7,1.0,3.8,WNBA,  SEA,F,22,"$68,339  ",68339.0,0.00114,167
167,Megan Walker,18,0,205.0,1.4,4.3,0.321,0.3,2.4,0.14,1.1,1.9,0.5429999999999999,0.2,0.3,0.6,0.6,0.9,1.5,0.3,0.2,0.0,0.4,0.8,3.3,WNBA,  PHX,F,22,"$65,459  ",65459.0,0.00109,168
168,Jocelyn Willoughby,22,5,383.0,1.8,5.0,0.358,0.7,1.7,0.405,1.1,3.3,0.3329999999999999,1.6,1.9,0.833,0.7,1.7,2.4,0.9,0.7,0.3,1.5,2.3,5.8,WNBA,  NY,F,23,"$65,459  ",65459.0,0.00109,169
169,Jazmine Jones,20,2,428.0,3.5,8.6,0.4039999999999999,0.8,2.3,0.3329999999999999,2.7,6.3,0.429,3.2,4.0,0.7879999999999999,0.9,3.2,4.1,2.3,1.4,0.5,2.9,3.0,10.8,WNBA,  NY,G,24,"$65,459  ",65459.0,0.00109,170
